timestamp,right_shoulder_flexion_position,right_shoulder_abduction_position,right_shoulder_rotation_position,right_elbow_flexion_position,right_wrist_deviation_position,right_wrist_flexion_position,right_wrist_pronation_position,right_gripper_position
0.0,0.06489362,0.048723403,0.20148936,-1.6640426,-0.046170212,-0.9721277,0.09021276,97.79999
0.033333335,0.06489362,0.048723403,0.20148936,-1.6640426,-0.046170212,-0.9721277,0.09021276,97.79999
0.06666667,0.06489362,0.048723403,0.20148936,-1.6640426,-0.046170212,-0.9721277,0.09021276,97.79999
0.1,0.06489362,0.048723403,0.20148936,-1.6640426,-0.046170212,-0.9721277,0.09021276,97.79999
0.13333334,0.06489362,0.048723403,0.20148936,-1.6640426,-0.046170212,-0.9721277,0.09021276,97.79999
0.16666667,0.06489362,0.048723403,0.20148936,-1.6640426,-0.046170212,-0.9721277,0.09021276,97.79999
0.2,0.06489362,0.048723403,0.20148936,-1.6640426,-0.046170212,-0.9721277,0.09021276,97.79999
0.23333333,0.06489362,0.048723403,0.20148936,-1.6640426,-0.046170212,-0.9721277,0.09021276,97.79999
0.26666668,0.06489362,0.048723403,0.20148936,-1.6640426,-0.046170212,-0.9721277,0.09021276,97.79999
0.3,0.06489362,0.048723403,0.20148936,-1.6640426,-0.046170212,-0.9721277,0.09021276,97.79999
0.33333334,0.06489362,0.048723403,0.20148936,-1.6640426,-0.046170212,-0.9721277,0.09021276,97.79999
0.36666667,0.06489362,0.048723403,0.20148936,-1.6640426,-0.046170212,-0.9721277,0.09021276,97.79999
0.4,0.06489362,0.048723403,0.20148936,-1.6640426,-0.046170212,-0.9721277,0.09021276,97.79999
0.43333334,0.06489362,0.048723403,0.20148936,-1.6640426,-0.046170212,-0.9721277,0.09021276,97.79999
0.46666667,0.06489362,0.048723403,0.20148936,-1.6640426,-0.046170212,-0.9721277,0.09021276,97.79999
0.5,0.06489362,0.048723403,0.20148936,-1.6640426,-0.046170212,-0.9721277,0.09021276,97.79999
0.53333336,0.06489362,0.048723403,0.20148936,-1.6640426,-0.046170212,-0.9721277,0.09021276,97.79999
0.56666666,0.06489362,0.048723403,0.20148936,-1.6640426,-0.046170212,-0.9721277,0.09021276,97.79999
0.6,0.06489362,0.048723403,0.20148936,-1.6640426,-0.046170212,-0.9721277,0.09021276,97.79999
0.6333333,0.06489362,0.048723403,0.20148936,-1.6640426,-0.046170212,-0.9721277,0.09021276,97.79999
0.6666667,0.06489362,0.048723403,0.20148936,-1.6640426,-0.046170212,-0.9721277,0.09021276,97.79999
0.7,0.06489362,0.048723403,0.20148936,-1.6640426,-0.046170212,-0.9721277,0.09021276,97.79999
0.73333335,0.06489362,0.04893617,0.20191489,-1.6640426,-0.046170212,-0.9717021,0.09085106,97.79999
0.76666665,0.065106384,0.050212767,0.20340426,-1.6640426,-0.04638298,-0.97,0.091702126,97.79999
0.8,0.06595745,0.057021275,0.21,-1.6638298,-0.047234043,-0.96531916,0.09361702,97.79999
0.8333333,0.06638298,0.062765956,0.2161702,-1.6638298,-0.04744681,-0.9621277,0.09446809,97.79999
0.8666667,0.06553192,0.073829785,0.22574468,-1.6631914,-0.046595745,-0.95851064,0.09382979,97.79999
0.9,0.06297872,0.07765958,0.2293617,-1.6612766,-0.045531914,-0.95531917,0.09148936,97.79999
0.93333334,0.060212765,0.08,0.23276596,-1.6587234,-0.044042554,-0.9502128,0.08851064,97.79999
0.96666664,0.053617023,0.08042553,0.23787235,-1.6548936,-0.04319149,-0.93787235,0.08042553,97.79999
1.0,0.050212767,0.078510635,0.2406383,-1.6529788,-0.04255319,-0.9287234,0.07510638,97.79999
1.0333333,0.04255319,0.071489364,0.24659574,-1.6529788,-0.040212765,-0.9087234,0.062765956,97.79999
1.0666667,0.039148938,0.066808514,0.24936171,-1.6546808,-0.039574467,-0.8980851,0.055531915,97.79999
1.1,0.030212766,0.052978724,0.2551064,-1.66,-0.038085107,-0.8710638,0.037021276,97.79999
1.1333333,0.026170213,0.045957446,0.25702128,-1.6621276,-0.037659574,-0.8576596,0.029361703,97.79999
1.1666666,0.019148936,0.033829786,0.2593617,-1.6665957,-0.037659574,-0.8261702,0.013829787,97.79999
1.2,0.01680851,0.028723404,0.26085106,-1.67,-0.037446808,-0.8093617,0.0070212767,97.79999
1.2333333,0.0140425535,0.024255319,0.2638298,-1.6768085,-0.037446808,-0.78106385,-0.0019148936,97.79999
1.2666667,0.012553192,0.02319149,0.26553193,-1.6821277,-0.03723404,-0.76297873,-0.0072340425,97.79999
1.3,0.0097872345,0.024680851,0.2687234,-1.6953192,-0.036382977,-0.7234042,-0.019361703,97.79999
1.3333334,0.0089361705,0.024680851,0.27,-1.7006383,-0.035744682,-0.70893615,-0.024255319,97.79999
1.3666667,0.008297873,0.024893617,0.27170214,-1.7076596,-0.035531916,-0.69,-0.030425532,97.79999
1.4,0.0065957448,0.025106383,0.2748936,-1.7197872,-0.035106383,-0.6593617,-0.040851064,97.79999
1.4333333,0.005957447,0.02531915,0.27638298,-1.7265958,-0.034893617,-0.64,-0.04744681,97.79999
1.4666667,0.004255319,0.025531914,0.27765957,-1.7370213,-0.03425532,-0.5991489,-0.059361704,97.79999
1.5,0.0029787235,0.025531914,0.2780851,-1.740851,-0.03425532,-0.5780851,-0.06489362,97.79999
1.5333333,0.0014893617,0.025531914,0.27829787,-1.7434043,-0.034042552,-0.55659574,-0.06957447,97.79999
1.5666667,-0.0017021276,0.025531914,0.27872342,-1.7459575,-0.034042552,-0.5187234,-0.076595746,97.79999
1.6,-0.004255319,0.025531914,0.27914894,-1.7465957,-0.034042552,-0.49872342,-0.08,97.79999
1.6333333,-0.01,0.02574468,0.2793617,-1.7474468,-0.033829786,-0.46148935,-0.08425532,97.79999
1.6666666,-0.011914894,0.02574468,0.2793617,-1.7474468,-0.033829786,-0.4480851,-0.08510638,97.79999
1.7,-0.013829787,0.02574468,0.27914894,-1.7474468,-0.032978725,-0.4193617,-0.08531915,97.79999
1.7333333,-0.014468085,0.02574468,0.2793617,-1.7474468,-0.032340426,-0.40659574,-0.08553191,97.79999
1.7666667,-0.015957447,0.02574468,0.2793617,-1.747234,-0.031702127,-0.3880851,-0.085957445,97.79999
1.8,-0.020425532,0.02574468,0.2793617,-1.747234,-0.029787235,-0.35723403,-0.090638295,97.79999
1.8333334,-0.023829788,0.02574468,0.2793617,-1.7474468,-0.029148936,-0.34148937,-0.09382979,97.79999
1.8666667,-0.027021276,0.02574468,0.2793617,-1.7474468,-0.028723404,-0.3257447,-0.09680851,97.79999
1.9,-0.034893617,0.024680851,0.2793617,-1.7474468,-0.028297873,-0.29446808,-0.102765955,97.79999
1.9333333,-0.03851064,0.023617022,0.27957445,-1.747234,-0.028085107,-0.2825532,-0.10489362,97.79999
1.9666667,-0.046170212,0.021914894,0.27914894,-1.7474468,-0.028085107,-0.25638297,-0.11042553,97.79999
2.0,-0.049148936,0.02106383,0.27914894,-1.7476596,-0.027234042,-0.24617021,-0.11319149,97.79999
2.0333333,-0.052765958,0.020425532,0.2793617,-1.7476596,-0.026170213,-0.23382978,-0.117234044,97.79999
2.0666666,-0.058297873,0.019574469,0.27957445,-1.747234,-0.024255319,-0.21510638,-0.12319149,97.79999
2.1,-0.062765956,0.019574469,0.2793617,-1.747234,-0.022978723,-0.20468085,-0.12617022,97.79999
2.1333334,-0.07404255,0.019574469,0.2793617,-1.7474468,-0.021702128,-0.18595745,-0.13212766,97.79999
2.1666667,-0.076595746,0.019574469,0.2793617,-1.7476596,-0.021702128,-0.18106383,-0.13276596,97.79999
2.2,-0.078510635,0.019574469,0.2793617,-1.7476596,-0.021489361,-0.17510638,-0.13297872,97.79999
2.2333333,-0.081276596,0.017872341,0.2780851,-1.7476596,-0.018297872,-0.16893616,-0.13574468,97.79999
2.2666667,-0.08468085,0.015319149,0.27617022,-1.7468085,-0.0148936175,-0.16510639,-0.13851064,97.79999
2.3,-0.09595744,0.011276595,0.27085108,-1.7470213,-0.008723404,-0.16,-0.1425532,97.79999
2.3333333,-0.10191489,0.01,0.26765957,-1.7476596,-0.0061702128,-0.15851064,-0.14446808,97.79999
2.3666666,-0.10680851,0.008723404,0.26489362,-1.7478724,-0.0038297873,-0.1574468,-0.14574468,97.79999
2.4,-0.11574468,0.0065957448,0.2625532,-1.7474468,0.0014893617,-0.15106383,-0.14914894,97.79999
2.4333334,-0.11893617,0.0061702128,0.26212767,-1.7470213,0.004255319,-0.14723404,-0.15106383,97.79999
2.4666667,-0.124042556,0.005106383,0.26170212,-1.7476596,0.0089361705,-0.14,-0.15446809,97.79999
2.5,-0.12659575,0.004255319,0.26148936,-1.7478724,0.011702128,-0.13489361,-0.15723404,97.79999
2.5333333,-0.12893617,0.0034042553,0.26148936,-1.7476596,0.0140425535,-0.1280851,-0.16021277,97.79999
2.5666666,-0.13425532,0.0017021276,0.26170212,-1.747234,0.018510638,-0.11212766,-0.16617021,97.79999
2.6,-0.14021276,0.00021276595,0.26170212,-1.747234,0.02212766,-0.09553192,-0.1706383,97.79999
2.6333334,-0.1438298,0.0,0.26148936,-1.7476596,0.02319149,-0.08553191,-0.17234042,97.79999
2.6666667,-0.1468085,0.0,0.2612766,-1.7476596,0.024255319,-0.07638298,-0.17361702,97.79999
2.7,-0.15212765,0.0,0.26170212,-1.747234,0.029361703,-0.05851064,-0.17787234,97.79999
2.7333333,-0.15553191,0.0,0.26170212,-1.747234,0.03212766,-0.04957447,-0.18021277,97.79999
2.7666667,-0.15957446,0.0,0.26170212,-1.747234,0.035744682,-0.04106383,-0.18234043,97.79999
2.8,-0.16914894,0.0,0.26148936,-1.747234,0.041914895,-0.025957447,-0.18489362,97.79999
2.8333333,-0.17276596,0.0,0.2612766,-1.747234,0.044042554,-0.020212766,-0.18510638,97.79999
2.8666666,-0.17893617,0.0,0.26148936,-1.7476596,0.04744681,-0.01,-0.18510638,97.79999
2.9,-0.18531916,0.00021276595,0.26170212,-1.747234,0.051276594,0.00021276595,-0.18510638,97.79999
2.9333334,-0.18978724,0.0014893617,0.26148936,-1.747234,0.054255318,0.0063829785,-0.18553191,97.79999
2.9666667,-0.19340426,0.0023404255,0.26148936,-1.747234,0.05680851,0.0114893615,-0.18723404,97.79999
3.0,-0.20085107,0.0027659575,0.26148936,-1.7476596,0.061276596,0.021276595,-0.19085106,97.79999
3.0333333,-0.20468085,0.0027659575,0.26170212,-1.7476596,0.064468086,0.02574468,-0.19361702,97.79999
3.0666666,-0.21042553,0.0019148936,0.26170212,-1.747234,0.06829787,0.032553192,-0.19765958,97.79999
3.1,-0.21446809,0.0008510638,0.26170212,-1.747234,0.06957447,0.037446808,-0.19893616,97.79999
3.1333334,-0.21787234,0.00021276595,0.26148936,-1.747234,0.0706383,0.042340424,-0.19957447,97.79999
3.1666667,-0.22787234,0.0,0.26148936,-1.747234,0.07297872,0.058297873,-0.20085107,97.79999
3.2,-0.2319149,0.0,0.26148936,-1.747234,0.07361702,0.06468085,-0.2025532,97.79999
3.2333333,-0.24127659,0.0,0.26170212,-1.747234,0.075531915,0.078510635,-0.20468085,97.79999
3.2666667,-0.24595745,0.0,0.26170212,-1.7474468,0.076595746,0.08510638,-0.20468085,97.79999
3.3,-0.24914894,0.0,0.26148936,-1.7474468,0.07702128,0.09,-0.20489362,97.79999
3.3333333,-0.25702128,0.0017021276,0.26148936,-1.747234,0.077234045,0.10170213,-0.20659575,97.79999
3.3666666,-0.26191488,0.0027659575,0.26148936,-1.747234,0.077234045,0.1080851,-0.20723404,97.79999
3.4,-0.26765957,0.0031914893,0.26170212,-1.747234,0.077234045,0.11595745,-0.20765957,97.79999
3.4333334,-0.28042552,0.0038297873,0.26170212,-1.747234,0.077234045,0.13425532,-0.20787235,97.79999
3.4666667,-0.2851064,0.0038297873,0.26170212,-1.747234,0.077234045,0.14063829,-0.2080851,97.79999
3.5,-0.29446808,0.0038297873,0.26148936,-1.747234,0.077234045,0.15531915,-0.2080851,97.79999
3.5333333,-0.2993617,0.0044680852,0.26148936,-1.747234,0.077234045,0.16361701,-0.2080851,97.79999
3.5666666,-0.3070213,0.0068085105,0.26148936,-1.747234,0.077234045,0.17723404,-0.2080851,97.79999
3.6,-0.30978724,0.0070212767,0.26148936,-1.7474468,0.077234045,0.1831915,-0.2080851,97.79999
3.6333334,-0.31234044,0.0070212767,0.26170212,-1.7474468,0.077234045,0.1893617,-0.2080851,97.79999
3.6666667,-0.31680852,0.00787234,0.26170212,-1.747234,0.077234045,0.20276596,-0.2080851,97.79999
3.7,-0.32234043,0.009574468,0.26148936,-1.7470213,0.077234045,0.21531914,-0.2080851,97.79999
3.7333333,-0.32553193,0.01,0.26148936,-1.747234,0.077234045,0.22212766,-0.2080851,97.79999
3.7666667,-0.32744682,0.010425532,0.26148936,-1.7476596,0.077234045,0.22787234,-0.2080851,97.79999
3.8,-0.3319149,0.012127659,0.26170212,-1.747234,0.077234045,0.23957446,-0.2080851,97.79999
3.8333333,-0.33468086,0.012765957,0.26170212,-1.7468085,0.077234045,0.24531914,-0.2080851,97.79999
3.8666666,-0.34170213,0.015106383,0.26170212,-1.7470213,0.077234045,0.25851065,-0.2080851,97.79999
3.9,-0.3444681,0.01638298,0.26170212,-1.7474468,0.077234045,0.263617,-0.2080851,97.79999
3.9333334,-0.35021275,0.019361703,0.2612766,-1.7474468,0.077234045,0.2770213,-0.2080851,97.79999
3.9666667,-0.3531915,0.021489361,0.26148936,-1.747234,0.077234045,0.2851064,-0.20829788,97.79999
4.0,-0.3568085,0.024255319,0.26170212,-1.7468085,0.077234045,0.293617,-0.2080851,97.79999
4.0333333,-0.36340424,0.029361703,0.26170212,-1.747234,0.077234045,0.30723405,-0.2080851,97.79999
4.0666666,-0.36574468,0.030212766,0.26170212,-1.7476596,0.077234045,0.3131915,-0.2080851,97.79999
4.1,-0.36808512,0.030212766,0.26170212,-1.7474468,0.077234045,0.32085106,-0.2080851,97.79999
4.133333,-0.36829787,0.030212766,0.26170212,-1.747234,0.077234045,0.3225532,-0.2080851,97.79999
4.1666665,-0.3706383,0.03276596,0.2612766,-1.7468085,0.077234045,0.32340425,-0.2080851,97.79999
4.2,-0.37148938,0.032978725,0.26148936,-1.7470213,0.077234045,0.3231915,-0.20829788,97.79999
4.233333,-0.37170213,0.032340426,0.26148936,-1.7476596,0.07744681,0.3231915,-0.2080851,97.79999
4.266667,-0.37170213,0.03106383,0.26170212,-1.7474468,0.07744681,0.3231915,-0.2080851,97.79999
4.3,-0.3712766,0.030212766,0.26170212,-1.7468085,0.07744681,0.32297873,-0.2080851,97.79999
4.3333335,-0.37148938,0.030212766,0.26170212,-1.7468085,0.07744681,0.3212766,-0.2080851,97.79999
4.366667,-0.37170213,0.030212766,0.2612766,-1.7474468,0.07744681,0.3187234,-0.20829788,97.79999
4.4,-0.37170213,0.03,0.2612766,-1.7474468,0.07744681,0.31638297,-0.20829788,97.79999
4.4333334,-0.37148938,0.027659575,0.26170212,-1.7470213,0.07744681,0.31468084,-0.2080851,97.79999
4.4666667,-0.37148938,0.027446808,0.26170212,-1.7470213,0.07744681,0.31468084,-0.2080851,97.79999
4.5,-0.37148938,0.027234042,0.26170212,-1.747234,0.07744681,0.3144681,-0.2080851,97.79999
4.5333333,-0.37170213,0.027234042,0.26148936,-1.747234,0.07744681,0.3144681,-0.2080851,97.79999
4.5666666,-0.37148938,0.027234042,0.26148936,-1.747234,0.07744681,0.3144681,-0.2080851,97.79999
4.6,-0.37148938,0.027234042,0.26148936,-1.7470213,0.07744681,0.3144681,-0.2080851,97.79999
4.633333,-0.37148938,0.027234042,0.26170212,-1.747234,0.07744681,0.3129787,-0.2080851,97.79999
4.6666665,-0.37148938,0.027234042,0.26170212,-1.747234,0.07744681,0.31148937,-0.2080851,97.79999
4.7,-0.37170213,0.025957447,0.26170212,-1.747234,0.07744681,0.31148937,-0.2080851,97.79999
4.733333,-0.37170213,0.023617022,0.26170212,-1.747234,0.07744681,0.31148937,-0.2080851,97.79999
4.766667,-0.37148938,0.022340426,0.26170212,-1.7470213,0.07744681,0.31148937,-0.2080851,97.79999
4.8,-0.37148938,0.022340426,0.2612766,-1.747234,0.07744681,0.31148937,-0.20829788,97.79999
4.8333335,-0.37106383,0.022340426,0.26106384,-1.747234,0.07744681,0.31148937,-0.20829788,97.79999
4.866667,-0.3687234,0.022340426,0.25893617,-1.747234,0.07744681,0.31148937,-0.2080851,97.79999
4.9,-0.36851063,0.022340426,0.25893617,-1.7470213,0.07744681,0.31148937,-0.2080851,97.79999
